GameIndex,Date,Color,Opponent,Outcome,TimeControl,Termination,PlyIndex,Phase,MoveUCI,EvalBeforeCP,EvalAfterCP,RawCPLoss,CPLoss,MoveLabel
2,2026.02.24,Black,benserra,Win,600,KatsMeow23 won by checkmate,28,Middlegame,b7b5,15,-293,308,308,Blunder
8,2026.02.25,Black,kahfic,Loss,180+2,kahfic won on time,68,Endgame,g7g4,739,-443,1182,1000,Blunder
9,2026.02.25,White,pogums,Loss,180+2,pogums won by checkmate,45,Middlegame,c1g5,-492,-9994,9502,1000,Blunder
9,2026.02.25,White,pogums,Loss,180+2,pogums won by checkmate,47,Middlegame,g6g5,-607,-1004,397,397,Blunder
9,2026.02.25,White,pogums,Loss,180+2,pogums won by checkmate,57,Endgame,d5b7,-809,-9994,9185,1000,Blunder
9,2026.02.25,White,pogums,Loss,180+2,pogums won by checkmate,59,Endgame,e3f3,-1201,-9998,8797,1000,Blunder
10,2026.02.25,White,GodDiaoCP,Loss,180+2,GodDiaoCP won by resignation,41,Endgame,g2h3,-918,-9996,9078,1000,Blunder
11,2026.02.25,Black,atersigni,Loss,180+2,atersigni won on time,34,Middlegame,f6d5,153,-433,586,586,Blunder
11,2026.02.25,Black,atersigni,Loss,180+2,atersigni won on time,42,Endgame,c6e5,415,-70,485,485,Blunder
11,2026.02.25,Black,atersigni,Loss,180+2,atersigni won on time,44,Endgame,b7e4,504,-69,573,573,Blunder
11,2026.02.25,Black,atersigni,Loss,180+2,atersigni won on time,48,Endgame,f7g6,-178,-497,319,319,Blunder
13,2026.02.25,Black,yayaya45,Loss,180+2,yayaya45 won on time,30,Middlegame,e7d6,137,-197,334,334,Blunder
13,2026.02.25,Black,yayaya45,Loss,180+2,yayaya45 won on time,44,Endgame,b7b6,-40,-438,398,398,Blunder
14,2026.02.25,White,AkbarRizkiAA,Loss,180+2,AkbarRizkiAA won by checkmate,35,Middlegame,h4h5,405,-396,801,801,Blunder
14,2026.02.25,White,AkbarRizkiAA,Loss,180+2,AkbarRizkiAA won by checkmate,61,Endgame,d3c4,-599,-9998,9399,1000,Blunder
15,2026.02.26,White,Anonymous10100101,Loss,180+2,Anonymous10100101 won by checkmate,97,Endgame,d4c5,-893,-9999,9106,1000,Blunder
16,2026.02.26,Black,suhas81,Loss,600,suhas81 won by checkmate,40,Middlegame,g7g5,132,-223,355,355,Blunder
16,2026.02.26,Black,suhas81,Loss,600,suhas81 won by checkmate,60,Middlegame,d6h2,621,-88,709,709,Blunder
16,2026.02.26,Black,suhas81,Loss,600,suhas81 won by checkmate,64,Middlegame,c8d7,31,-454,485,485,Blunder
16,2026.02.26,Black,suhas81,Loss,600,suhas81 won by checkmate,66,Middlegame,d7e7,-729,-9992,9263,1000,Blunder
16,2026.02.26,Black,suhas81,Loss,600,suhas81 won by checkmate,68,Middlegame,e7f6,5,-377,382,382,Blunder
17,2026.02.26,Black,Ch3ssPl2y3r,Loss,600,Ch3ssPl2y3r won by resignation,44,Endgame,c6e5,80,-359,439,439,Blunder
18,2026.02.26,White,marufansari,Win,600,KatsMeow23 won by resignation,23,Middlegame,e4d6,113,-367,480,480,Blunder
19,2026.02.26,Black,lolAtharva,Loss,180+2,lolAtharva won on time,36,Middlegame,g4f6,242,-75,317,317,Blunder
20,2026.02.26,White,Qxj7,Loss,600,Qxj7 won by resignation,31,Middlegame,f2f4,-24,-333,309,309,Blunder
20,2026.02.26,White,Qxj7,Loss,600,Qxj7 won by resignation,43,Middlegame,c3d5,97,-357,454,454,Blunder
20,2026.02.26,White,Qxj7,Loss,600,Qxj7 won by resignation,89,Middlegame,h1h7,9995,0,9995,1000,Blunder
20,2026.02.26,White,Qxj7,Loss,600,Qxj7 won by resignation,93,Endgame,g5g6,0,-658,658,658,Blunder
21,2026.02.26,White,moeid14,Loss,180+2,moeid14 won on time,17,Opening,d1d2,161,-168,329,329,Blunder
21,2026.02.26,White,moeid14,Loss,180+2,moeid14 won on time,45,Middlegame,h6h7,9998,-356,10354,1000,Blunder
21,2026.02.26,White,moeid14,Loss,180+2,moeid14 won on time,65,Middlegame,b5c4,183,-166,349,349,Blunder
21,2026.02.26,White,moeid14,Loss,180+2,moeid14 won on time,67,Endgame,a1d1,232,-126,358,358,Blunder
21,2026.02.26,White,moeid14,Loss,180+2,moeid14 won on time,69,Endgame,g1h2,101,-291,392,392,Blunder
21,2026.02.26,White,moeid14,Loss,180+2,moeid14 won on time,71,Endgame,h2g3,-253,-9996,9743,1000,Blunder
21,2026.02.26,White,moeid14,Loss,180+2,moeid14 won on time,73,Endgame,f1g1,-610,-9997,9387,1000,Blunder
21,2026.02.26,White,moeid14,Loss,180+2,moeid14 won on time,77,Endgame,d4d5,-432,-963,531,531,Blunder
21,2026.02.26,White,moeid14,Loss,180+2,moeid14 won on time,83,Endgame,d5d7,9999,-538,10537,1000,Blunder
23,2026.02.26,White,ProgressMaharjan,Loss,180+2,ProgressMaharjan won by checkmate,41,Middlegame,c3b5,343,-70,413,413,Blunder
23,2026.02.26,White,ProgressMaharjan,Loss,180+2,ProgressMaharjan won by checkmate,43,Middlegame,e1d1,42,-327,369,369,Blunder
23,2026.02.26,White,ProgressMaharjan,Loss,180+2,ProgressMaharjan won by checkmate,63,Endgame,b7a5,-35,-475,440,440,Blunder
23,2026.02.26,White,ProgressMaharjan,Loss,180+2,ProgressMaharjan won by checkmate,67,Endgame,e2d3,-612,-9999,9387,1000,Blunder
25,2026.02.27,White,CThom173,Loss,180+2,CThom173 won by checkmate,51,Endgame,d3e2,-133,-534,401,401,Blunder
25,2026.02.27,White,CThom173,Loss,180+2,CThom173 won by checkmate,65,Endgame,f1f3,-728,-9998,9270,1000,Blunder
25,2026.02.27,White,CThom173,Loss,180+2,CThom173 won by checkmate,67,Endgame,f3h3,-879,-9999,9120,1000,Blunder
26,2026.02.27,White,Two_IPhone,Loss,180+2,Two_IPhone won on time,29,Middlegame,e2g2,362,-405,767,767,Blunder
26,2026.02.27,White,Two_IPhone,Loss,180+2,Two_IPhone won on time,37,Middlegame,a5c6,-280,-631,351,351,Blunder
29,2026.02.27,White,Jackdypro,Win,600,KatsMeow23 won by resignation,65,Endgame,g5g6,9995,1131,8864,1000,Blunder
30,2026.02.27,Black,Mhunz-Gambit,Win,600,KatsMeow23 won by checkmate,82,Endgame,f4g3,9997,906,9091,1000,Blunder
31,2026.02.27,White,Ajax992,Win,600,KatsMeow23 won by checkmate,23,Middlegame,e1g1,122,-415,537,537,Blunder
31,2026.02.27,White,Ajax992,Win,600,KatsMeow23 won by checkmate,25,Middlegame,f2f4,153,-408,561,561,Blunder
32,2026.02.27,Black,facucolombo,Win,600,KatsMeow23 won by resignation,48,Middlegame,e4g5,905,160,745,745,Blunder
32,2026.02.27,Black,facucolombo,Win,600,KatsMeow23 won by resignation,58,Middlegame,h2d6,302,-168,470,470,Blunder
32,2026.02.27,Black,facucolombo,Win,600,KatsMeow23 won by resignation,62,Endgame,h8h5,37,-275,312,312,Blunder
33,2026.02.27,Black,SilverMike,Win,600,KatsMeow23 won by resignation,20,Opening,e8g8,-81,-399,318,318,Blunder
34,2026.02.27,Black,KR_YOU,Win,600,KatsMeow23 won by resignation,58,Endgame,g4h3,450,-697,1147,1000,Blunder
36,2026.02.27,White,M_R_Dharun,Win,600,KatsMeow23 won by checkmate,13,Opening,c1f4,643,262,381,381,Blunder
36,2026.02.27,White,M_R_Dharun,Win,600,KatsMeow23 won by checkmate,17,Opening,a2a4,613,233,380,380,Blunder
36,2026.02.27,White,M_R_Dharun,Win,600,KatsMeow23 won by checkmate,29,Middlegame,e4e5,434,33,401,401,Blunder
36,2026.02.27,White,M_R_Dharun,Win,600,KatsMeow23 won by checkmate,31,Middlegame,b3f7,41,-302,343,343,Blunder
37,2026.02.27,White,redfernangel,Loss,600,redfernangel won by resignation,21,Middlegame,e5e6,221,-182,403,403,Blunder
37,2026.02.27,White,redfernangel,Loss,600,redfernangel won by resignation,29,Middlegame,c1g5,5,-574,579,579,Blunder
37,2026.02.27,White,redfernangel,Loss,600,redfernangel won by resignation,31,Middlegame,b1c3,-141,-538,397,397,Blunder
37,2026.02.27,White,redfernangel,Loss,600,redfernangel won by resignation,41,Endgame,g4h4,-397,-9996,9599,1000,Blunder
38,2026.02.27,Black,zaneharb08,Loss,180+2,zaneharb08 won on time,34,Middlegame,c6d4,263,-250,513,513,Blunder
39,2026.02.27,White,anShhh17,Win,180+2,KatsMeow23 won on time,27,Middlegame,h4e7,508,85,423,423,Blunder
39,2026.02.27,White,anShhh17,Win,180+2,KatsMeow23 won on time,113,Middlegame,b4b5,9999,753,9246,1000,Blunder
39,2026.02.27,White,anShhh17,Win,180+2,KatsMeow23 won on time,115,Middlegame,a7c7,749,310,439,439,Blunder
40,2026.02.27,Black,Giecchio,Loss,180+2,Giecchio won by resignation,32,Middlegame,d7e6,271,-578,849,849,Blunder
41,2026.02.28,White,timmy52514,Win,180+2,KatsMeow23 won - game abandoned,21,Middlegame,e1g1,164,-506,670,670,Blunder
43,2026.02.28,White,Igor_Sant_ana,Loss,180+2,Igor_Sant_ana won by checkmate,17,Opening,f1d3,101,-293,394,394,Blunder
43,2026.02.28,White,Igor_Sant_ana,Loss,180+2,Igor_Sant_ana won by checkmate,25,Middlegame,g2g3,627,-41,668,668,Blunder
43,2026.02.28,White,Igor_Sant_ana,Loss,180+2,Igor_Sant_ana won by checkmate,27,Middlegame,f1g2,565,-71,636,636,Blunder
43,2026.02.28,White,Igor_Sant_ana,Loss,180+2,Igor_Sant_ana won by checkmate,29,Middlegame,f3e3,572,28,544,544,Blunder
43,2026.02.28,White,Igor_Sant_ana,Loss,180+2,Igor_Sant_ana won by checkmate,31,Middlegame,e4e5,299,-193,492,492,Blunder
43,2026.02.28,White,Igor_Sant_ana,Loss,180+2,Igor_Sant_ana won by checkmate,35,Middlegame,g2f1,-176,-9999,9823,1000,Blunder
44,2026.02.28,Black,Abdelazizdj,Win,180+2,KatsMeow23 won on time,16,Opening,b2b4,-210,-512,302,302,Blunder
45,2026.02.28,Black,HAYDARTAABATA123456789,Win,180+2,KatsMeow23 won by resignation,72,Endgame,g5e4,9997,753,9244,1000,Blunder
46,2026.02.28,White,chovochobo,Loss,600,chovochobo won by resignation,33,Middlegame,e2g4,-257,-637,380,380,Blunder
47,2026.02.28,Black,vivekmhw,Win,600,KatsMeow23 won by resignation,18,Opening,d8c7,-107,-540,433,433,Blunder
48,2026.02.28,Black,Narciso59,Loss,600,Narciso59 won by resignation,22,Middlegame,f4g2,31,-279,310,310,Blunder
48,2026.02.28,Black,Narciso59,Loss,600,Narciso59 won by resignation,26,Middlegame,f6g6,220,-340,560,560,Blunder
51,2026.02.28,White,Largo3893,Win,600,KatsMeow23 won by resignation,57,Middlegame,c7c8,642,40,602,602,Blunder
51,2026.02.28,White,Largo3893,Win,600,KatsMeow23 won by resignation,61,Endgame,c6d7,303,0,303,303,Blunder
52,2026.02.28,Black,DonDimonq,Loss,600,DonDimonq won by checkmate,16,Opening,f8e7,59,-250,309,309,Blunder
52,2026.02.28,Black,DonDimonq,Loss,600,DonDimonq won by checkmate,36,Middlegame,b7g2,-327,-9999,9672,1000,Blunder
53,2026.02.28,Black,huargomalo,Loss,180+2,huargomalo won by checkmate,22,Middlegame,c4d6,426,-312,738,738,Blunder
53,2026.02.28,Black,huargomalo,Loss,180+2,huargomalo won by checkmate,36,Middlegame,d7d5,-519,-9999,9480,1000,Blunder
54,2026.02.28,White,alaskanNight,Loss,180+2,alaskanNight won on time,25,Middlegame,h6f7,438,-9999,10437,1000,Blunder
54,2026.02.28,White,alaskanNight,Loss,180+2,alaskanNight won on time,57,Endgame,b5a6,900,314,586,586,Blunder
54,2026.02.28,White,alaskanNight,Loss,180+2,alaskanNight won on time,59,Endgame,a6a8,306,-622,928,928,Blunder
56,2026.03.01,Black,Z4k1_y10,Loss,600,Z4k1_y10 won by checkmate,40,Middlegame,d6c5,227,-87,314,314,Blunder
56,2026.03.01,Black,Z4k1_y10,Loss,600,Z4k1_y10 won by checkmate,44,Endgame,e7d7,489,-232,721,721,Blunder
56,2026.03.01,Black,Z4k1_y10,Loss,600,Z4k1_y10 won by checkmate,52,Endgame,f8g7,190,-258,448,448,Blunder
56,2026.03.01,Black,Z4k1_y10,Loss,600,Z4k1_y10 won by checkmate,56,Endgame,g7a1,-31,-9999,9968,1000,Blunder
57,2026.03.01,White,dudital,Loss,600,dudital won by resignation,29,Middlegame,d3e4,515,-604,1119,1000,Blunder
57,2026.03.01,White,dudital,Loss,600,dudital won by resignation,49,Endgame,h1g1,-613,-9997,9384,1000,Blunder
57,2026.03.01,White,dudital,Loss,600,dudital won by resignation,53,Endgame,c3c4,-693,-9997,9304,1000,Blunder
59,2026.03.01,White,matguerin1,Loss,600,matguerin1 won by resignation,45,Endgame,g5f6,47,-453,500,500,Blunder
60,2026.03.01,Black,AnarMustafayev06,Win,600,KatsMeow23 won by checkmate,22,Middlegame,d8f6,606,70,536,536,Blunder
61,2026.03.01,White,pbparreira,Win,600,KatsMeow23 won by resignation,55,Endgame,a7a8q,9997,1058,8939,1000,Blunder
61,2026.03.01,White,pbparreira,Win,600,KatsMeow23 won by resignation,57,Endgame,a1a8,9998,812,9186,1000,Blunder
63,2026.03.02,Black,krey244,Loss,600,krey244 won on time,64,Middlegame,f5h3,793,-9997,10790,1000,Blunder
63,2026.03.02,Black,krey244,Loss,600,krey244 won on time,74,Middlegame,f4f3,9990,712,9278,1000,Blunder
63,2026.03.02,Black,krey244,Loss,600,krey244 won on time,86,Endgame,f8d8,9993,934,9059,1000,Blunder
64,2026.03.02,White,Rahimoff_90,Win,600,KatsMeow23 won by checkmate,11,Opening,c4f7,549,-451,1000,1000,Blunder
64,2026.03.02,White,Rahimoff_90,Win,600,KatsMeow23 won by checkmate,13,Opening,d1b3,494,-185,679,679,Blunder
65,2026.03.02,Black,Maxi_691995,Loss,600,Maxi_691995 won on time,48,Endgame,g8f7,-393,-9998,9605,1000,Blunder
66,2026.03.02,Black,sparky7192,Win,180+2,KatsMeow23 won on time,44,Middlegame,f6e4,170,-229,399,399,Blunder
66,2026.03.02,Black,sparky7192,Win,180+2,KatsMeow23 won on time,48,Middlegame,f7f5,201,-264,465,465,Blunder
66,2026.03.02,Black,sparky7192,Win,180+2,KatsMeow23 won on time,62,Middlegame,g7g6,142,-378,520,520,Blunder
66,2026.03.02,Black,sparky7192,Win,180+2,KatsMeow23 won on time,70,Middlegame,f4g2,23,-523,546,546,Blunder
66,2026.03.02,Black,sparky7192,Win,180+2,KatsMeow23 won on time,110,Endgame,e1c2,9995,1088,8907,1000,Blunder
67,2026.03.02,Black,Ahmedfoxk,Loss,180+2,Ahmedfoxk won on time,10,Opening,f8c5,-24,-378,354,354,Blunder
67,2026.03.02,Black,Ahmedfoxk,Loss,180+2,Ahmedfoxk won on time,28,Middlegame,g7g6,14,-375,389,389,Blunder
67,2026.03.02,Black,Ahmedfoxk,Loss,180+2,Ahmedfoxk won on time,40,Middlegame,a8f8,-808,-9998,9190,1000,Blunder
68,2026.03.02,White,Pranav_Chauhan1,Loss,180+2,Pranav_Chauhan1 won on time,55,Endgame,d1h1,-65,-391,326,326,Blunder
70,2026.02.28,White,REALdtdamazing,Win,1/86400,KatsMeow23 won by checkmate,11,Opening,f3e5,146,-193,339,339,Blunder
70,2026.02.28,White,REALdtdamazing,Win,1/86400,KatsMeow23 won by checkmate,37,Middlegame,d3e5,442,121,321,321,Blunder
73,2026.03.03,Black,Polok_13,Win,180+2,KatsMeow23 won by resignation,42,Endgame,d8b6,462,149,313,313,Blunder
74,2026.03.03,White,BossJaben,Loss,180+2,BossJaben won on time,11,Opening,f2f4,159,-237,396,396,Blunder
74,2026.03.03,White,BossJaben,Loss,180+2,BossJaben won on time,21,Middlegame,e1d1,-61,-447,386,386,Blunder
74,2026.03.03,White,BossJaben,Loss,180+2,BossJaben won on time,23,Middlegame,e5e6,190,-639,829,829,Blunder
74,2026.03.03,White,BossJaben,Loss,180+2,BossJaben won on time,29,Middlegame,c3e4,-787,-9997,9210,1000,Blunder
75,2026.03.03,Black,hugouda,Win,180+2,KatsMeow23 won by checkmate,64,Endgame,c2e2,9998,792,9206,1000,Blunder
77,2026.03.03,White,iam_yash,Loss,180+2,iam_yash won by checkmate,25,Middlegame,h5f6,257,-9998,10255,1000,Blunder
78,2026.02.28,Black,Ben749-947,Loss,1/86400,Ben749-947 won by resignation,28,Middlegame,e4g5,-57,-413,356,356,Blunder
79,2026.03.03,White,7743_esuF,Loss,180+2,7743_esuF won on time,13,Opening,e1g1,-36,-339,303,303,Blunder
79,2026.03.03,White,7743_esuF,Loss,180+2,7743_esuF won on time,55,Endgame,h6g7,329,-309,638,638,Blunder
80,2026.03.03,Black,ChessWinnahh,Loss,180+2,ChessWinnahh won on time,32,Middlegame,d8a5,152,-498,650,650,Blunder
80,2026.03.03,Black,ChessWinnahh,Loss,180+2,ChessWinnahh won on time,46,Endgame,h5f6,8,-383,391,391,Blunder
81,2026.03.03,White,gatopardd,Loss,600,gatopardd won by checkmate,27,Middlegame,d2b3,-47,-432,385,385,Blunder
81,2026.03.03,White,gatopardd,Loss,600,gatopardd won by checkmate,111,Endgame,h2g1,-1170,-9998,8828,1000,Blunder
82,2026.03.04,Black,Arkana55,Loss,180+2,Arkana55 won on time,30,Middlegame,g4h3,92,-252,344,344,Blunder
82,2026.03.04,Black,Arkana55,Loss,180+2,Arkana55 won on time,72,Endgame,d6e5,213,-483,696,696,Blunder
83,2026.03.04,White,CrispyWombat,Win,600,KatsMeow23 won by resignation,23,Middlegame,d1d6,249,-86,335,335,Blunder
85,2026.03.04,Black,raj2945,Loss,600,raj2945 won by checkmate,52,Endgame,f3g1,248,-9998,10246,1000,Blunder
87,2026.03.04,Black,miyajun_kaku,Win,600,KatsMeow23 won by resignation,82,Endgame,f6e5,458,106,352,352,Blunder
88,2026.03.04,Black,Sebastian-Carlsen,Loss,180+2,Sebastian-Carlsen won by resignation,32,Middlegame,e7d7,-11,-322,311,311,Blunder
88,2026.03.04,Black,Sebastian-Carlsen,Loss,180+2,Sebastian-Carlsen won by resignation,40,Middlegame,g7g6,-290,-9996,9706,1000,Blunder
89,2026.03.04,White,Bltz_lister,Loss,180+2,Bltz_lister won on time,13,Opening,c1g5,-55,-374,319,319,Blunder
90,2026.03.05,Black,dufus3000,Loss,180+2,dufus3000 won by checkmate,46,Endgame,b7e4,169,-178,347,347,Blunder
90,2026.03.05,Black,dufus3000,Loss,180+2,dufus3000 won by checkmate,48,Endgame,d6d7,-149,-708,559,559,Blunder
90,2026.03.05,Black,dufus3000,Loss,180+2,dufus3000 won by checkmate,50,Endgame,d7d8,-760,-9999,9239,1000,Blunder
91,2026.03.05,White,Knoxvill3,Win,180+2,KatsMeow23 won by checkmate,35,Middlegame,e4d6,-55,-567,512,512,Blunder
91,2026.03.05,White,Knoxvill3,Win,180+2,KatsMeow23 won by checkmate,45,Middlegame,g5h3,-619,-9990,9371,1000,Blunder
91,2026.03.05,White,Knoxvill3,Win,180+2,KatsMeow23 won by checkmate,47,Middlegame,b4b5,-647,-9995,9348,1000,Blunder
91,2026.03.05,White,Knoxvill3,Win,180+2,KatsMeow23 won by checkmate,65,Middlegame,a1c1,-31,-672,641,641,Blunder
91,2026.03.05,White,Knoxvill3,Win,180+2,KatsMeow23 won by checkmate,71,Middlegame,h1c1,-26,-421,395,395,Blunder
91,2026.03.05,White,Knoxvill3,Win,180+2,KatsMeow23 won by checkmate,73,Middlegame,f4h3,-182,-507,325,325,Blunder
92,2026.03.05,Black,Andr021,Win,600,KatsMeow23 won by checkmate,8,Opening,b7b5,133,-243,376,376,Blunder
92,2026.03.05,Black,Andr021,Win,600,KatsMeow23 won by checkmate,66,Endgame,d3e3,9994,1179,8815,1000,Blunder
92,2026.03.05,Black,Andr021,Win,600,KatsMeow23 won by checkmate,68,Endgame,h7h6,9991,198,9793,1000,Blunder
92,2026.03.05,Black,Andr021,Win,600,KatsMeow23 won by checkmate,70,Endgame,f5f4,940,614,326,326,Blunder
95,2026.03.05,White,Fnizz,Win,600,KatsMeow23 won - game abandoned,41,Endgame,b4b5,279,-327,606,606,Blunder
95,2026.03.05,White,Fnizz,Win,600,KatsMeow23 won - game abandoned,45,Endgame,b5b6,476,121,355,355,Blunder
96,2026.03.05,White,bthe1who,Loss,600,bthe1who won by resignation,35,Middlegame,f3g5,-128,-583,455,455,Blunder
97,2026.03.05,Black,sugarray89,Win,600,KatsMeow23 won by resignation,30,Middlegame,f6e4,280,-107,387,387,Blunder
97,2026.03.05,Black,sugarray89,Win,600,KatsMeow23 won by resignation,34,Middlegame,a8c8,334,-445,779,779,Blunder
97,2026.03.05,Black,sugarray89,Win,600,KatsMeow23 won by resignation,38,Middlegame,e5d7,-501,-822,321,321,Blunder
100,2026.03.06,White,TheTwoBlunderWonder,Win,600,KatsMeow23 won by resignation,25,Middlegame,e1g1,-51,-477,426,426,Blunder
100,2026.03.06,White,TheTwoBlunderWonder,Win,600,KatsMeow23 won by resignation,55,Endgame,g4g5,443,-52,495,495,Blunder
101,2026.03.06,Black,03xav,Loss,600,03xav won by checkmate,42,Middlegame,g7g6,475,-50,525,525,Blunder
101,2026.03.06,Black,03xav,Loss,600,03xav won by checkmate,74,Endgame,f3e1,9991,1030,8961,1000,Blunder
101,2026.03.06,Black,03xav,Loss,600,03xav won by checkmate,76,Endgame,a1c3,1012,550,462,462,Blunder
101,2026.03.06,Black,03xav,Loss,600,03xav won by checkmate,82,Endgame,c3f6,556,-9998,10554,1000,Blunder
102,2026.03.06,Black,arshad_yo,Win,180+2,KatsMeow23 won on time,36,Middlegame,d6h2,-120,-498,378,378,Blunder
102,2026.03.06,Black,arshad_yo,Win,180+2,KatsMeow23 won on time,60,Middlegame,e6e5,18,-379,397,397,Blunder
102,2026.03.06,Black,arshad_yo,Win,180+2,KatsMeow23 won on time,74,Middlegame,b5d3,-38,-431,393,393,Blunder
102,2026.03.06,Black,arshad_yo,Win,180+2,KatsMeow23 won on time,84,Middlegame,b4f4,146,-405,551,551,Blunder
102,2026.03.06,Black,arshad_yo,Win,180+2,KatsMeow23 won on time,88,Middlegame,f4e4,-99,-420,321,321,Blunder
102,2026.03.06,Black,arshad_yo,Win,180+2,KatsMeow23 won on time,110,Endgame,c5d4,163,-293,456,456,Blunder
102,2026.03.06,Black,arshad_yo,Win,180+2,KatsMeow23 won on time,118,Endgame,f3d1,-106,-500,394,394,Blunder
103,2026.03.06,White,maksutko06,Win,180+2,KatsMeow23 won on time,59,Endgame,g8h7,520,99,421,421,Blunder
103,2026.03.06,White,maksutko06,Win,180+2,KatsMeow23 won on time,67,Endgame,f2e3,581,-218,799,799,Blunder
105,2026.03.06,Black,sac_da_king215,Win,180+2,KatsMeow23 won on time,36,Middlegame,d7c6,207,-258,465,465,Blunder
105,2026.03.06,Black,sac_da_king215,Win,180+2,KatsMeow23 won on time,42,Endgame,g8f8,-354,-9998,9644,1000,Blunder
106,2026.03.06,White,Franz_462,Loss,180+2,Franz_462 won by resignation,55,Middlegame,c3c4,-13,-418,405,405,Blunder
107,2026.03.06,White,eladin89,Loss,180+2,eladin89 won on time,37,Middlegame,e1c1,555,47,508,508,Blunder
107,2026.03.06,White,eladin89,Loss,180+2,eladin89 won on time,57,Middlegame,g4g5,85,-436,521,521,Blunder
107,2026.03.06,White,eladin89,Loss,180+2,eladin89 won on time,59,Middlegame,g5h6,162,-420,582,582,Blunder
109,2026.03.06,Black,adamc46,Win,180+2,KatsMeow23 won by checkmate,88,Middlegame,g7f7,937,567,370,370,Blunder
109,2026.03.06,Black,adamc46,Win,180+2,KatsMeow23 won by checkmate,92,Middlegame,g4h6,757,384,373,373,Blunder
109,2026.03.06,Black,adamc46,Win,180+2,KatsMeow23 won by checkmate,124,Middlegame,h1h2,621,257,364,364,Blunder
109,2026.03.06,Black,adamc46,Win,180+2,KatsMeow23 won by checkmate,142,Endgame,e4c4,9999,744,9255,1000,Blunder
110,2026.03.06,White,FuzzeyBlaze,Loss,180+2,FuzzeyBlaze won on time,25,Middlegame,h3g4,194,-155,349,349,Blunder
110,2026.03.06,White,FuzzeyBlaze,Loss,180+2,FuzzeyBlaze won on time,83,Endgame,c2c3,9998,383,9615,1000,Blunder
112,2026.03.06,White,cagankahya0,Win,180+2,KatsMeow23 won by checkmate,33,Middlegame,f1f5,9994,-27,10021,1000,Blunder
113,2026.03.06,White,ontopi357,Win,1/86400,KatsMeow23 won by resignation,13,Opening,d1f3,294,-138,432,432,Blunder
113,2026.03.06,White,ontopi357,Win,1/86400,KatsMeow23 won by resignation,15,Opening,f3d3,228,-90,318,318,Blunder
115,2026.03.07,Black,Dazai30,Loss,180+2,Dazai30 won by checkmate,22,Middlegame,b4d6,59,-272,331,331,Blunder
115,2026.03.07,Black,Dazai30,Loss,180+2,Dazai30 won by checkmate,40,Middlegame,c7a7,336,18,318,318,Blunder
115,2026.03.07,Black,Dazai30,Loss,180+2,Dazai30 won by checkmate,44,Middlegame,f4g5,175,-151,326,326,Blunder
115,2026.03.07,Black,Dazai30,Loss,180+2,Dazai30 won by checkmate,74,Endgame,b5c4,179,-148,327,327,Blunder
115,2026.03.07,Black,Dazai30,Loss,180+2,Dazai30 won by checkmate,76,Endgame,c4a2,264,-9999,10263,1000,Blunder
117,2026.03.07,White,saiman1234,Loss,180+2,saiman1234 won on time,29,Middlegame,d3a6,92,-312,404,404,Blunder
117,2026.03.07,White,saiman1234,Loss,180+2,saiman1234 won on time,31,Middlegame,g2g3,534,80,454,454,Blunder
117,2026.03.07,White,saiman1234,Loss,180+2,saiman1234 won on time,39,Middlegame,c2c4,142,-238,380,380,Blunder
117,2026.03.07,White,saiman1234,Loss,180+2,saiman1234 won on time,41,Middlegame,b2b4,80,-263,343,343,Blunder
118,2026.03.07,Black,navisa13,Loss,180+2,navisa13 won on time,42,Middlegame,a6a5,173,-314,487,487,Blunder
119,2026.03.07,White,kimjonglukek,Loss,180+2,kimjonglukek won on time,13,Opening,e1g1,504,111,393,393,Blunder
119,2026.03.07,White,kimjonglukek,Loss,180+2,kimjonglukek won on time,43,Middlegame,c1g5,435,-195,630,630,Blunder
119,2026.03.07,White,kimjonglukek,Loss,180+2,kimjonglukek won on time,49,Middlegame,h4h5,470,-24,494,494,Blunder
120,2026.03.07,Black,Naga_Srinivas,Loss,600,Naga_Srinivas won by resignation,48,Middlegame,g5b5,-25,-663,638,638,Blunder
121,2026.03.07,White,spleefer420,Win,180+2,KatsMeow23 won by resignation,19,Opening,b5c3,701,103,598,598,Blunder
121,2026.03.07,White,spleefer420,Win,180+2,KatsMeow23 won by resignation,49,Middlegame,g1h2,264,-332,596,596,Blunder
121,2026.03.07,White,spleefer420,Win,180+2,KatsMeow23 won by resignation,75,Endgame,f6f3,139,-230,369,369,Blunder
124,2026.03.07,Black,shamwowwwwww,Win,180+2,KatsMeow23 won by checkmate,52,Middlegame,a8c8,745,380,365,365,Blunder
124,2026.03.07,Black,shamwowwwwww,Win,180+2,KatsMeow23 won by checkmate,74,Endgame,c5c4,9998,820,9178,1000,Blunder
124,2026.03.07,Black,shamwowwwwww,Win,180+2,KatsMeow23 won by checkmate,80,Endgame,f3g3,9999,995,9004,1000,Blunder
124,2026.03.07,Black,shamwowwwwww,Win,180+2,KatsMeow23 won by checkmate,84,Endgame,g3h2,9995,879,9116,1000,Blunder
125,2026.03.07,Black,ajpj12,Loss,180+2,ajpj12 won by resignation,58,Middlegame,c7b6,-25,-538,513,513,Blunder
126,2026.03.08,White,stev123321,Loss,180+2,stev123321 won on time,45,Endgame,g1g2,-729,-1159,430,430,Blunder
126,2026.03.08,White,stev123321,Loss,180+2,stev123321 won on time,47,Endgame,g2g3,-798,-9997,9199,1000,Blunder
127,2026.03.04,White,Nombrefake2,Win,1/86400,KatsMeow23 won by resignation,35,Middlegame,e6e3,353,13,340,340,Blunder
128,2026.03.08,Black,FrulaMira,Win,180+2,KatsMeow23 won by checkmate,24,Middlegame,a8a7,354,-42,396,396,Blunder
128,2026.03.08,Black,FrulaMira,Win,180+2,KatsMeow23 won by checkmate,28,Middlegame,c8e6,423,-48,471,471,Blunder
128,2026.03.08,Black,FrulaMira,Win,180+2,KatsMeow23 won by checkmate,76,Middlegame,e7f5,9994,927,9067,1000,Blunder
128,2026.03.08,Black,FrulaMira,Win,180+2,KatsMeow23 won by checkmate,82,Middlegame,c2g6,9997,943,9054,1000,Blunder
128,2026.03.08,Black,FrulaMira,Win,180+2,KatsMeow23 won by checkmate,86,Middlegame,d4f3,9998,811,9187,1000,Blunder
128,2026.03.08,Black,FrulaMira,Win,180+2,KatsMeow23 won by checkmate,94,Middlegame,d5h1,9998,1032,8966,1000,Blunder
128,2026.03.08,Black,FrulaMira,Win,180+2,KatsMeow23 won by checkmate,98,Middlegame,f3e3,9998,883,9115,1000,Blunder
128,2026.03.08,Black,FrulaMira,Win,180+2,KatsMeow23 won by checkmate,106,Middlegame,b3b2,9999,1258,8741,1000,Blunder
128,2026.03.08,Black,FrulaMira,Win,180+2,KatsMeow23 won by checkmate,110,Endgame,h1g2,9992,1002,8990,1000,Blunder
129,2026.03.09,White,Hellterrorx1234,Draw,180+2,Game drawn by repetition,31,Middlegame,c3a4,193,-205,398,398,Blunder
129,2026.03.09,White,Hellterrorx1234,Draw,180+2,Game drawn by repetition,85,Middlegame,e8d8,511,-4,515,515,Blunder
130,2026.03.06,White,shrey4353l,Win,1/86400,KatsMeow23 won by resignation,51,Endgame,b1d1,498,-308,806,806,Blunder
130,2026.03.06,White,shrey4353l,Win,1/86400,KatsMeow23 won by resignation,57,Endgame,f1g1,429,-9997,10426,1000,Blunder
130,2026.03.06,White,shrey4353l,Win,1/86400,KatsMeow23 won by resignation,59,Endgame,b5a7,221,-9997,10218,1000,Blunder
130,2026.03.06,White,shrey4353l,Win,1/86400,KatsMeow23 won by resignation,61,Endgame,d4g4,226,-9997,10223,1000,Blunder
131,2026.03.09,White,orthobro555,Loss,180+2,orthobro555 won by checkmate,11,Opening,f2f3,80,-595,675,675,Blunder
131,2026.03.09,White,orthobro555,Loss,180+2,orthobro555 won by checkmate,71,Middlegame,b3c4,-922,-9999,9077,1000,Blunder
133,2026.03.09,Black,ali_2561,Loss,180+2,ali_2561 won by checkmate,30,Middlegame,c8b7,22,-417,439,439,Blunder
133,2026.03.09,Black,ali_2561,Loss,180+2,ali_2561 won by checkmate,46,Middlegame,e6a2,127,-341,468,468,Blunder
133,2026.03.09,Black,ali_2561,Loss,180+2,ali_2561 won by checkmate,66,Endgame,b6a7,9997,-9999,19996,1000,Blunder
137,2026.03.10,Black,PietVerdriet95,Loss,180+2,PietVerdriet95 won by checkmate,56,Middlegame,d8c8,-88,-452,364,364,Blunder
137,2026.03.10,Black,PietVerdriet95,Loss,180+2,PietVerdriet95 won by checkmate,70,Middlegame,f7g8,-608,-9997,9389,1000,Blunder
137,2026.03.10,Black,PietVerdriet95,Loss,180+2,PietVerdriet95 won by checkmate,72,Endgame,b1b4,-654,-9997,9343,1000,Blunder
137,2026.03.10,Black,PietVerdriet95,Loss,180+2,PietVerdriet95 won by checkmate,74,Endgame,g8h7,-699,-9996,9297,1000,Blunder
137,2026.03.10,Black,PietVerdriet95,Loss,180+2,PietVerdriet95 won by checkmate,90,Endgame,h4h3,-1050,-9999,8949,1000,Blunder
138,2026.03.04,Black,valdilutik,Loss,1/86400,valdilutik won by resignation,28,Middlegame,a7b6,176,-201,377,377,Blunder
138,2026.03.04,Black,valdilutik,Loss,1/86400,valdilutik won by resignation,48,Middlegame,h7h6,9997,365,9632,1000,Blunder
138,2026.03.04,Black,valdilutik,Loss,1/86400,valdilutik won by resignation,50,Middlegame,a5a3,9995,208,9787,1000,Blunder
138,2026.03.04,Black,valdilutik,Loss,1/86400,valdilutik won by resignation,54,Middlegame,a8d8,434,-52,486,486,Blunder
139,2026.03.10,White,Ranablu,Loss,600,Ranablu won by resignation,27,Middlegame,f2f3,203,-180,383,383,Blunder
139,2026.03.10,White,Ranablu,Loss,600,Ranablu won by resignation,29,Middlegame,a3b4,43,-481,524,524,Blunder
140,2026.03.10,Black,A_P_A_L_A_K,Win,180+2,KatsMeow23 won by resignation,28,Middlegame,c4b2,380,0,380,380,Blunder
140,2026.03.10,Black,A_P_A_L_A_K,Win,180+2,KatsMeow23 won by resignation,34,Middlegame,f6d5,742,194,548,548,Blunder
140,2026.03.10,Black,A_P_A_L_A_K,Win,180+2,KatsMeow23 won by resignation,36,Middlegame,e4a4,9996,261,9735,1000,Blunder
141,2026.03.10,White,traver101,Win,180+2,KatsMeow23 won by checkmate,53,Endgame,f5g6,9997,1032,8965,1000,Blunder
143,2026.03.10,Black,DaChessmaster3000,Loss,180+2,DaChessmaster3000 won on time,22,Middlegame,d4e2,453,53,400,400,Blunder
143,2026.03.10,Black,DaChessmaster3000,Loss,180+2,DaChessmaster3000 won on time,46,Endgame,g7g6,351,34,317,317,Blunder
143,2026.03.10,Black,DaChessmaster3000,Loss,180+2,DaChessmaster3000 won on time,48,Endgame,e7g5,17,-342,359,359,Blunder
144,2026.03.10,Black,andymox004,Win,180+2,KatsMeow23 won by resignation,36,Middlegame,g8e8,659,310,349,349,Blunder
145,2026.03.10,White,kardec45,Loss,600,kardec45 won by checkmate,41,Middlegame,f2f4,410,12,398,398,Blunder
145,2026.03.10,White,kardec45,Loss,600,kardec45 won by checkmate,45,Middlegame,g4h5,504,-24,528,528,Blunder
145,2026.03.10,White,kardec45,Loss,600,kardec45 won by checkmate,51,Middlegame,f4f5,466,-180,646,646,Blunder
145,2026.03.10,White,kardec45,Loss,600,kardec45 won by checkmate,75,Endgame,e3d4,-369,-9998,9629,1000,Blunder
148,2026.03.10,Black,def409,Loss,180+2,def409 won by checkmate,12,Opening,a5c4,491,-9999,10490,1000,Blunder
149,2026.03.10,Black,khaled_kerm,Loss,180+2,khaled_kerm won by checkmate,90,Endgame,e5f5,-1033,-9994,8961,1000,Blunder
150,2026.03.10,Black,Giankioski,Loss,180+2,Giankioski won by checkmate,24,Middlegame,e5e4,-462,-798,336,336,Blunder
150,2026.03.10,Black,Giankioski,Loss,180+2,Giankioski won by checkmate,28,Middlegame,e7d8,-375,-9995,9620,1000,Blunder
150,2026.03.10,Black,Giankioski,Loss,180+2,Giankioski won by checkmate,30,Middlegame,d8e7,-658,-1006,348,348,Blunder
150,2026.03.10,Black,Giankioski,Loss,180+2,Giankioski won by checkmate,32,Middlegame,e7d8,-1060,-9995,8935,1000,Blunder
151,2026.03.10,White,jaasonjones,Loss,180+2,jaasonjones won by checkmate,39,Middlegame,b5a6,468,-391,859,859,Blunder
151,2026.03.10,White,jaasonjones,Loss,180+2,jaasonjones won by checkmate,59,Endgame,g2h2,-350,-9993,9643,1000,Blunder
151,2026.03.10,White,jaasonjones,Loss,180+2,jaasonjones won by checkmate,61,Endgame,h2h6,-553,-9999,9446,1000,Blunder
152,2026.03.10,Black,gsilva1215,Loss,600,gsilva1215 won by resignation,30,Middlegame,c6a5,-94,-436,342,342,Blunder
152,2026.03.10,Black,gsilva1215,Loss,600,gsilva1215 won by resignation,70,Endgame,f3d4,-589,-9999,9410,1000,Blunder
154,2026.03.10,White,Jebz-fr,Loss,1/86400,Jebz-fr won by resignation,35,Middlegame,e4f6,394,23,371,371,Blunder
154,2026.03.10,White,Jebz-fr,Loss,1/86400,Jebz-fr won by resignation,41,Endgame,f4e3,-207,-9998,9791,1000,Blunder
155,2026.03.12,White,Jeszicat,Draw,180+2,Game drawn by stalemate,95,Middlegame,f3d4,191,-194,385,385,Blunder
155,2026.03.12,White,Jeszicat,Draw,180+2,Game drawn by stalemate,97,Middlegame,d4b3,-1,-488,487,487,Blunder
155,2026.03.12,White,Jeszicat,Draw,180+2,Game drawn by stalemate,139,Endgame,f2e2,-9,-616,607,607,Blunder
155,2026.03.12,White,Jeszicat,Draw,180+2,Game drawn by stalemate,141,Endgame,f1e1,-24,-435,411,411,Blunder
156,2026.03.12,Black,mlemich25,Loss,180+2,mlemich25 won on time,36,Middlegame,b8a7,452,-338,790,790,Blunder
157,2026.03.12,Black,islamilen,Loss,180+2,islamilen won on time,20,Opening,f6e4,314,-245,559,559,Blunder
157,2026.03.12,Black,islamilen,Loss,180+2,islamilen won on time,22,Middlegame,d7d5,-289,-594,305,305,Blunder
157,2026.03.12,Black,islamilen,Loss,180+2,islamilen won on time,36,Middlegame,e5e4,381,-229,610,610,Blunder
157,2026.03.12,Black,islamilen,Loss,180+2,islamilen won on time,52,Endgame,c5e7,320,-9999,10319,1000,Blunder
159,2026.03.12,White,hema980,Loss,180+2,hema980 won on time,33,Middlegame,b5d3,572,-437,1009,1000,Blunder
159,2026.03.12,White,hema980,Loss,180+2,hema980 won on time,71,Middlegame,f4g3,9996,526,9470,1000,Blunder
159,2026.03.12,White,hema980,Loss,180+2,hema980 won on time,77,Middlegame,f5e5,527,-773,1300,1000,Blunder
159,2026.03.12,White,hema980,Loss,180+2,hema980 won on time,89,Middlegame,f5c2,346,-280,626,626,Blunder
159,2026.03.12,White,hema980,Loss,180+2,hema980 won on time,97,Endgame,g2g3,401,-226,627,627,Blunder
159,2026.03.12,White,hema980,Loss,180+2,hema980 won on time,99,Endgame,h2h3,374,-248,622,622,Blunder
159,2026.03.12,White,hema980,Loss,180+2,hema980 won on time,101,Endgame,g3g4,410,-149,559,559,Blunder
159,2026.03.12,White,hema980,Loss,180+2,hema980 won on time,103,Endgame,a2a3,41,-266,307,307,Blunder
160,2026.03.12,Black,hema980,Loss,180+2,hema980 won on time,34,Middlegame,f6f5,85,-446,531,531,Blunder
160,2026.03.12,Black,hema980,Loss,180+2,hema980 won on time,40,Middlegame,f6g6,-157,-492,335,335,Blunder
161,2026.03.12,Black,Koko0519,Loss,180+2,Koko0519 won on time,48,Endgame,b7f3,410,-169,579,579,Blunder
162,2026.03.10,Black,1joke11,Win,1/86400,KatsMeow23 won by resignation,24,Middlegame,d7d6,726,290,436,436,Blunder
163,2026.02.28,Black,adamhofer,Win,1/259200,KatsMeow23 won on time,16,Opening,f8d6,288,-364,652,652,Blunder
164,2026.03.10,Black,ItsJoeAgain,Win,1/86400,KatsMeow23 won by resignation,24,Middlegame,b5b4,9,-353,362,362,Blunder
165,2026.03.12,White,jbrum11,Win,180+2,KatsMeow23 won by resignation,39,Middlegame,f3f4,202,-195,397,397,Blunder
167,2026.03.13,White,MurodjonR,Win,180+2,KatsMeow23 won by checkmate,49,Endgame,a1e1,-620,-9999,9379,1000,Blunder
168,2026.03.13,Black,MurodjonR,Loss,180+2,MurodjonR won on time,24,Middlegame,g8h8,137,-356,493,493,Blunder
170,2026.03.13,White,fabioflores,Loss,180+2,fabioflores won on time,53,Middlegame,e5f6,117,-261,378,378,Blunder
170,2026.03.13,White,fabioflores,Loss,180+2,fabioflores won on time,61,Endgame,f2f6,469,108,361,361,Blunder
170,2026.03.13,White,fabioflores,Loss,180+2,fabioflores won on time,67,Endgame,e8e4,603,217,386,386,Blunder
170,2026.03.13,White,fabioflores,Loss,180+2,fabioflores won on time,69,Endgame,e4b7,9999,211,9788,1000,Blunder
170,2026.03.13,White,fabioflores,Loss,180+2,fabioflores won on time,71,Endgame,h6h5,374,-19,393,393,Blunder
170,2026.03.13,White,fabioflores,Loss,180+2,fabioflores won on time,75,Endgame,h2g1,-1,-326,325,325,Blunder
173,2026.03.14,Black,fregavaraojo,Win,900+10,KatsMeow23 won on time,10,Opening,e7e6,-162,-500,338,338,Blunder
174,2026.03.14,White,eirpoo,Loss,180+2,eirpoo won on time,57,Middlegame,h2g1,409,-127,536,536,Blunder
175,2026.03.14,White,vedujiballeballe,Loss,180+2,vedujiballeballe won on time,39,Middlegame,g1h1,509,22,487,487,Blunder
175,2026.03.14,White,vedujiballeballe,Loss,180+2,vedujiballeballe won on time,45,Middlegame,a5c3,470,32,438,438,Blunder
175,2026.03.14,White,vedujiballeballe,Loss,180+2,vedujiballeballe won on time,47,Middlegame,a2a3,557,125,432,432,Blunder
175,2026.03.14,White,vedujiballeballe,Loss,180+2,vedujiballeballe won on time,49,Middlegame,f2f3,553,91,462,462,Blunder
175,2026.03.14,White,vedujiballeballe,Loss,180+2,vedujiballeballe won on time,57,Middlegame,f3f2,601,-398,999,999,Blunder
175,2026.03.14,White,vedujiballeballe,Loss,180+2,vedujiballeballe won on time,69,Middlegame,h2h3,0,-599,599,599,Blunder
176,2026.03.14,Black,leminhtri8880gmailcom,Win,180+2,KatsMeow23 won by resignation,34,Middlegame,e4f2,514,176,338,338,Blunder
176,2026.03.14,Black,leminhtri8880gmailcom,Win,180+2,KatsMeow23 won by resignation,38,Middlegame,g8f7,263,-127,390,390,Blunder
176,2026.03.14,Black,leminhtri8880gmailcom,Win,180+2,KatsMeow23 won by resignation,42,Middlegame,f8f5,16,-349,365,365,Blunder
177,2026.03.14,Black,Solvur,Loss,180+2,Solvur won by resignation,58,Middlegame,f8e8,709,-308,1017,1000,Blunder
177,2026.03.14,Black,Solvur,Loss,180+2,Solvur won by resignation,60,Middlegame,b6e6,-279,-729,450,450,Blunder
177,2026.03.14,Black,Solvur,Loss,180+2,Solvur won by resignation,118,Endgame,c8b8,-894,-9993,9099,1000,Blunder
178,2026.03.14,White,Sealpichon,Loss,180+2,Sealpichon won on time,35,Middlegame,e1e5,403,-195,598,598,Blunder
178,2026.03.14,White,Sealpichon,Loss,180+2,Sealpichon won on time,93,Endgame,b3b4,-974,-9997,9023,1000,Blunder
179,2026.03.14,White,tayjking1,Loss,180+2,tayjking1 won by checkmate,19,Opening,a8d5,241,-238,479,479,Blunder
179,2026.03.14,White,tayjking1,Loss,180+2,tayjking1 won by checkmate,47,Endgame,d4e5,-474,-932,458,458,Blunder
179,2026.03.14,White,tayjking1,Loss,180+2,tayjking1 won by checkmate,51,Endgame,g1h1,-477,-9998,9521,1000,Blunder
180,2026.03.14,Black,kouazzi,Loss,900+10,kouazzi won on time,64,Endgame,f6g5,141,-323,464,464,Blunder
180,2026.03.14,Black,kouazzi,Loss,900+10,kouazzi won on time,68,Endgame,e2g3,-29,-441,412,412,Blunder
180,2026.03.14,Black,kouazzi,Loss,900+10,kouazzi won on time,78,Endgame,g7b2,-492,-853,361,361,Blunder
181,2026.03.14,Black,TimonSM1,Win,900+10,KatsMeow23 won by checkmate,40,Middlegame,c3b4,9998,252,9746,1000,Blunder
181,2026.03.14,Black,TimonSM1,Win,900+10,KatsMeow23 won by checkmate,56,Middlegame,e4g5,559,231,328,328,Blunder
181,2026.03.14,Black,TimonSM1,Win,900+10,KatsMeow23 won by checkmate,68,Middlegame,a5a4,327,24,303,303,Blunder
181,2026.03.14,Black,TimonSM1,Win,900+10,KatsMeow23 won by checkmate,74,Middlegame,a5b4,628,-88,716,716,Blunder
181,2026.03.14,Black,TimonSM1,Win,900+10,KatsMeow23 won by checkmate,76,Middlegame,b4a4,-74,-9996,9922,1000,Blunder
181,2026.03.14,Black,TimonSM1,Win,900+10,KatsMeow23 won by checkmate,78,Middlegame,g8a8,-292,-9997,9705,1000,Blunder
181,2026.03.14,Black,TimonSM1,Win,900+10,KatsMeow23 won by checkmate,94,Endgame,e2c4,9998,870,9128,1000,Blunder
182,2026.03.15,Black,malllllooonnnnssss,Win,900+10,KatsMeow23 won by resignation,48,Middlegame,e5f3,391,-9,400,400,Blunder
182,2026.03.15,Black,malllllooonnnnssss,Win,900+10,KatsMeow23 won by resignation,62,Middlegame,d7d6,-4,-428,424,424,Blunder
182,2026.03.15,Black,malllllooonnnnssss,Win,900+10,KatsMeow23 won by resignation,82,Endgame,c6f6,473,75,398,398,Blunder
183,2026.03.15,Black,letsplayholii,Loss,900+10,letsplayholii won on time,46,Middlegame,f6f5,162,-225,387,387,Blunder
183,2026.03.15,Black,letsplayholii,Loss,900+10,letsplayholii won on time,58,Middlegame,a5b3,457,75,382,382,Blunder
183,2026.03.15,Black,letsplayholii,Loss,900+10,letsplayholii won on time,98,Endgame,g5g4,-9,-508,499,499,Blunder
184,2026.03.15,White,welcoming,Loss,180+2,welcoming won on time,31,Middlegame,h4g6,106,-248,354,354,Blunder
185,2026.03.15,White,masteroflegends94,Loss,180+2,masteroflegends94 won on time,45,Endgame,g3f4,294,-192,486,486,Blunder
187,2026.03.15,Black,Copperhills,Win,180+2,KatsMeow23 won by checkmate,34,Middlegame,d7f6,321,-92,413,413,Blunder
187,2026.03.15,Black,Copperhills,Win,180+2,KatsMeow23 won by checkmate,36,Middlegame,d8e8,358,-126,484,484,Blunder
187,2026.03.15,Black,Copperhills,Win,180+2,KatsMeow23 won by checkmate,38,Middlegame,b8b7,548,-132,680,680,Blunder
188,2026.03.15,White,fonfino,Win,180+2,KatsMeow23 won on time,23,Middlegame,b3c2,9999,389,9610,1000,Blunder
191,2026.03.16,White,Gitanazo,Win,180+2,KatsMeow23 won on time,23,Middlegame,b2b4,172,-399,571,571,Blunder
192,2026.03.16,Black,Dancing_Rat1234,Win,180+2,KatsMeow23 won by checkmate,28,Middlegame,e8g8,125,-280,405,405,Blunder
192,2026.03.16,Black,Dancing_Rat1234,Win,180+2,KatsMeow23 won by checkmate,76,Middlegame,f3c6,9996,539,9457,1000,Blunder
193,2026.03.16,Black,tomkellyshow,Loss,180+2,tomkellyshow won on time,34,Middlegame,g6f5,167,-502,669,669,Blunder
193,2026.03.16,Black,tomkellyshow,Loss,180+2,tomkellyshow won on time,68,Endgame,a6a1,522,-187,709,709,Blunder
193,2026.03.16,Black,tomkellyshow,Loss,180+2,tomkellyshow won on time,72,Endgame,f4e3,564,179,385,385,Blunder
193,2026.03.16,Black,tomkellyshow,Loss,180+2,tomkellyshow won on time,80,Endgame,a1h1,9999,-2,10001,1000,Blunder
193,2026.03.16,Black,tomkellyshow,Loss,180+2,tomkellyshow won on time,82,Endgame,h1h2,9999,309,9690,1000,Blunder
195,2026.03.16,Black,Blacksunshine2200,Win,1/86400,KatsMeow23 won by checkmate,14,Opening,g8h6,503,0,503,503,Blunder
195,2026.03.16,Black,Blacksunshine2200,Win,1/86400,KatsMeow23 won by checkmate,60,Endgame,f6e6,9994,1221,8773,1000,Blunder
196,2026.03.17,Black,manicmoist,Loss,180+2,manicmoist won on time,78,Endgame,c7c1,482,-9998,10480,1000,Blunder
198,2026.03.17,White,alejandrafraperu,Win,180+2,KatsMeow23 won by resignation,23,Middlegame,d1b3,667,333,334,334,Blunder
198,2026.03.17,White,alejandrafraperu,Win,180+2,KatsMeow23 won by resignation,65,Middlegame,d2c3,62,-244,306,306,Blunder
199,2026.03.17,Black,ritwik_19,Loss,180+2,ritwik_19 won on time,80,Endgame,g5f6,394,-4,398,398,Blunder
200,2026.03.17,White,mikeleung,Win,180+2,KatsMeow23 won on time,27,Middlegame,f1f2,301,-84,385,385,Blunder
202,2026.03.16,Black,ElreydelosLulos,Win,1/86400,KatsMeow23 won by resignation,72,Endgame,f3b3,898,594,304,304,Blunder
203,2026.03.17,Black,viandomanarisip,Win,180+2,KatsMeow23 won by checkmate,26,Middlegame,e8g8,600,279,321,321,Blunder
203,2026.03.17,Black,viandomanarisip,Win,180+2,KatsMeow23 won by checkmate,62,Middlegame,f4f3,783,439,344,344,Blunder
204,2026.03.17,Black,Adilson1989,Win,180+2,KatsMeow23 won by checkmate,94,Endgame,e2a2,9999,735,9264,1000,Blunder
206,2026.03.17,White,Jilnicki,Win,180+2,KatsMeow23 won by checkmate,69,Middlegame,c5b5,529,-102,631,631,Blunder
206,2026.03.17,White,Jilnicki,Win,180+2,KatsMeow23 won by checkmate,99,Middlegame,e6e7,-6,-325,319,319,Blunder
206,2026.03.17,White,Jilnicki,Win,180+2,KatsMeow23 won by checkmate,111,Endgame,e8e6,9992,825,9167,1000,Blunder
207,2026.03.18,Black,loopiing,Loss,900+10,loopiing won by resignation,48,Middlegame,g8g7,0,-338,338,338,Blunder
207,2026.03.18,Black,loopiing,Loss,900+10,loopiing won by resignation,54,Middlegame,d7d5,-382,-9997,9615,1000,Blunder
207,2026.03.18,Black,loopiing,Loss,900+10,loopiing won by resignation,72,Endgame,d8e8,194,-466,660,660,Blunder
207,2026.03.18,Black,loopiing,Loss,900+10,loopiing won by resignation,74,Endgame,e8g8,-380,-9995,9615,1000,Blunder
209,2026.03.18,White,kingzki,Win,900+10,KatsMeow23 won by resignation,13,Opening,f1d3,-35,-380,345,345,Blunder
212,2026.03.18,Black,jimystar69,Win,900+10,KatsMeow23 won - game abandoned,40,Middlegame,a8e8,-33,-364,331,331,Blunder
212,2026.03.18,Black,jimystar69,Win,900+10,KatsMeow23 won - game abandoned,46,Endgame,f7f5,438,-559,997,997,Blunder
213,2026.03.18,Black,ziyoviddinabdurashidov,Loss,180+2,ziyoviddinabdurashidov won by checkmate,22,Middlegame,g5h3,162,-162,324,324,Blunder
213,2026.03.18,Black,ziyoviddinabdurashidov,Loss,180+2,ziyoviddinabdurashidov won by checkmate,44,Middlegame,c7d8,230,-431,661,661,Blunder
213,2026.03.18,Black,ziyoviddinabdurashidov,Loss,180+2,ziyoviddinabdurashidov won by checkmate,66,Endgame,f4h2,-769,-9997,9228,1000,Blunder
214,2026.03.18,White,Didier_GB,Loss,180+2,Didier_GB won on time,69,Endgame,h3h7,-146,-566,420,420,Blunder
214,2026.03.18,White,Didier_GB,Loss,180+2,Didier_GB won on time,71,Endgame,h1f1,-507,-807,300,300,Blunder
214,2026.03.18,White,Didier_GB,Loss,180+2,Didier_GB won on time,75,Endgame,f2f3,-660,-9997,9337,1000,Blunder
215,2026.03.17,White,ElreydelosLulos,Win,1/86400,KatsMeow23 won by checkmate,29,Middlegame,d1e2,554,234,320,320,Blunder
216,2026.03.18,White,GauravRathi008,Win,180+2,KatsMeow23 won on time,25,Middlegame,f2f4,214,-699,913,913,Blunder
218,2026.03.18,Black,TrentonRabuck12,Loss,180+2,TrentonRabuck12 won by checkmate,42,Middlegame,c7b6,42,-447,489,489,Blunder
218,2026.03.18,Black,TrentonRabuck12,Loss,180+2,TrentonRabuck12 won by checkmate,46,Middlegame,b6c7,-158,-581,423,423,Blunder
218,2026.03.18,Black,TrentonRabuck12,Loss,180+2,TrentonRabuck12 won by checkmate,92,Endgame,d7d6,-974,-9994,9020,1000,Blunder
218,2026.03.18,Black,TrentonRabuck12,Loss,180+2,TrentonRabuck12 won by checkmate,96,Endgame,e7e8,-918,-9998,9080,1000,Blunder
219,2026.03.18,Black,ahmedlhaje,Loss,180+2,ahmedlhaje won by checkmate,52,Endgame,f4g3,373,-643,1016,1000,Blunder
219,2026.03.18,Black,ahmedlhaje,Loss,180+2,ahmedlhaje won by checkmate,58,Endgame,f5f4,-581,-1168,587,587,Blunder
219,2026.03.18,Black,ahmedlhaje,Loss,180+2,ahmedlhaje won by checkmate,66,Endgame,g7f7,-789,-9998,9209,1000,Blunder
221,2026.03.19,White,DIABLOxn01,Loss,180+2,DIABLOxn01 won on time,41,Endgame,d3h3,-93,-469,376,376,Blunder
222,2026.03.19,Black,nurzhan01110,Win,180+2,KatsMeow23 won on time,24,Middlegame,b5b4,176,-150,326,326,Blunder
222,2026.03.19,Black,nurzhan01110,Win,180+2,KatsMeow23 won on time,42,Endgame,f6e4,434,-28,462,462,Blunder
222,2026.03.19,Black,nurzhan01110,Win,180+2,KatsMeow23 won on time,46,Endgame,d7d6,320,-133,453,453,Blunder
224,2026.03.19,Black,piiyes,Win,180+2,KatsMeow23 won by resignation,22,Middlegame,f8e7,637,329,308,308,Blunder
225,2026.03.19,Black,BOScrocodyle,Loss,180+2,BOScrocodyle won by checkmate,36,Middlegame,e6e5,-280,-904,624,624,Blunder
225,2026.03.19,Black,BOScrocodyle,Loss,180+2,BOScrocodyle won by checkmate,38,Middlegame,e8f7,-834,-9999,9165,1000,Blunder
227,2026.03.20,Black,Elijahfranz,Win,180+2,KatsMeow23 won on time,20,Opening,g7g6,762,-15,777,777,Blunder
227,2026.03.20,Black,Elijahfranz,Win,180+2,KatsMeow23 won on time,34,Middlegame,f4f5,585,31,554,554,Blunder
228,2026.03.20,Black,lamequteck,Loss,180+2,lamequteck won by resignation,34,Middlegame,c8g4,-30,-411,381,381,Blunder
229,2026.03.20,White,walidDz1,Loss,180+2,walidDz1 won by resignation,65,Middlegame,b5a3,623,226,397,397,Blunder
229,2026.03.20,White,walidDz1,Loss,180+2,walidDz1 won by resignation,73,Endgame,e2d3,265,-296,561,561,Blunder
230,2026.03.20,White,Nikhil282588,Loss,180+2,Nikhil282588 won by checkmate,35,Middlegame,f5d6,661,162,499,499,Blunder
230,2026.03.20,White,Nikhil282588,Loss,180+2,Nikhil282588 won by checkmate,55,Endgame,b7d6,503,-9999,10502,1000,Blunder
231,2026.03.20,Black,123lr,Win,180+2,KatsMeow23 won by checkmate,32,Middlegame,c6f3,9998,549,9449,1000,Blunder
231,2026.03.20,Black,123lr,Win,180+2,KatsMeow23 won by checkmate,58,Middlegame,f4g4,9998,948,9050,1000,Blunder
231,2026.03.20,Black,123lr,Win,180+2,KatsMeow23 won by checkmate,64,Middlegame,d2c2,9997,1141,8856,1000,Blunder
231,2026.03.20,Black,123lr,Win,180+2,KatsMeow23 won by checkmate,82,Endgame,e1g2,9999,1152,8847,1000,Blunder
232,2026.03.20,White,Dimeloy,Loss,180+2,Dimeloy won by checkmate,21,Middlegame,c1b2,112,-9998,10110,1000,Blunder
233,2026.03.20,White,KadenLucas,Loss,180+2,KadenLucas won by checkmate,31,Middlegame,c3a4,142,-340,482,482,Blunder
234,2026.03.21,Black,Jscortes19,Loss,180+2,Jscortes19 won on time,12,Opening,c5f2,-3,-402,399,399,Blunder
234,2026.03.21,Black,Jscortes19,Loss,180+2,Jscortes19 won on time,24,Middlegame,c6e5,185,-296,481,481,Blunder
234,2026.03.21,Black,Jscortes19,Loss,180+2,Jscortes19 won on time,46,Endgame,d4b3,-279,-9998,9719,1000,Blunder
235,2026.03.21,White,JamesElizondo007,Loss,180+2,JamesElizondo007 won on time,15,Opening,f1b5,449,77,372,372,Blunder
235,2026.03.21,White,JamesElizondo007,Loss,180+2,JamesElizondo007 won on time,31,Middlegame,g1f2,497,57,440,440,Blunder
235,2026.03.21,White,JamesElizondo007,Loss,180+2,JamesElizondo007 won on time,37,Middlegame,c3a4,588,-770,1358,1000,Blunder
236,2026.03.21,Black,logantcooper6,Loss,180+2,logantcooper6 won by checkmate,20,Opening,d8b6,-53,-424,371,371,Blunder
236,2026.03.21,Black,logantcooper6,Loss,180+2,logantcooper6 won by checkmate,26,Middlegame,c6b4,60,-324,384,384,Blunder
236,2026.03.21,Black,logantcooper6,Loss,180+2,logantcooper6 won by checkmate,44,Endgame,d7d6,208,-209,417,417,Blunder
236,2026.03.21,Black,logantcooper6,Loss,180+2,logantcooper6 won by checkmate,48,Endgame,e8f7,-242,-676,434,434,Blunder
236,2026.03.21,Black,logantcooper6,Loss,180+2,logantcooper6 won by checkmate,56,Endgame,e8d7,-700,-1000,300,300,Blunder
236,2026.03.21,Black,logantcooper6,Loss,180+2,logantcooper6 won by checkmate,58,Endgame,c7c6,-527,-9998,9471,1000,Blunder
237,2026.03.21,White,graaaa25,Loss,180+2,graaaa25 won by resignation,37,Middlegame,d1c1,224,-244,468,468,Blunder
237,2026.03.21,White,graaaa25,Loss,180+2,graaaa25 won by resignation,45,Middlegame,c4a5,235,-358,593,593,Blunder
237,2026.03.21,White,graaaa25,Loss,180+2,graaaa25 won by resignation,69,Middlegame,a4a5,-383,-765,382,382,Blunder
238,2026.03.21,Black,graaaa25,Loss,180+2,graaaa25 won by checkmate,28,Middlegame,b4d5,-92,-572,480,480,Blunder
238,2026.03.21,Black,graaaa25,Loss,180+2,graaaa25 won by checkmate,52,Endgame,e5c5,-360,-9999,9639,1000,Blunder
241,2026.03.21,Black,paidelcampo,Loss,180+2,paidelcampo won by resignation,24,Middlegame,f5f4,296,-208,504,504,Blunder
241,2026.03.21,Black,paidelcampo,Loss,180+2,paidelcampo won by resignation,54,Endgame,f6e6,-809,-9993,9184,1000,Blunder
242,2026.03.21,White,bongopongo,Win,180+2,KatsMeow23 won by checkmate,45,Middlegame,f4e6,871,562,309,309,Blunder
243,2026.03.21,White,ChessBOT94134,Win,180+2,KatsMeow23 won by resignation,33,Middlegame,d2f3,418,-551,969,969,Blunder
243,2026.03.21,White,ChessBOT94134,Win,180+2,KatsMeow23 won by resignation,37,Middlegame,g1h2,379,-18,397,397,Blunder
243,2026.03.21,White,ChessBOT94134,Win,180+2,KatsMeow23 won by resignation,41,Endgame,b2b4,351,-22,373,373,Blunder
244,2026.03.21,Black,Selfy7,Win,180+2,KatsMeow23 won on time,20,Opening,e5f3,130,-170,300,300,Blunder
245,2026.03.21,Black,dwarakeshkonduru,Win,180+2,KatsMeow23 won by checkmate,24,Middlegame,f7f5,129,-215,344,344,Blunder
245,2026.03.21,Black,dwarakeshkonduru,Win,180+2,KatsMeow23 won by checkmate,70,Endgame,b1d3,9999,745,9254,1000,Blunder
245,2026.03.21,Black,dwarakeshkonduru,Win,180+2,KatsMeow23 won by checkmate,72,Endgame,g8h8,9996,502,9494,1000,Blunder
245,2026.03.21,Black,dwarakeshkonduru,Win,180+2,KatsMeow23 won by checkmate,80,Endgame,g8h7,9996,753,9243,1000,Blunder
245,2026.03.21,Black,dwarakeshkonduru,Win,180+2,KatsMeow23 won by checkmate,82,Endgame,h7g6,9997,691,9306,1000,Blunder
245,2026.03.21,Black,dwarakeshkonduru,Win,180+2,KatsMeow23 won by checkmate,84,Endgame,d3d2,9997,849,9148,1000,Blunder
245,2026.03.21,Black,dwarakeshkonduru,Win,180+2,KatsMeow23 won by checkmate,86,Endgame,g6f7,9995,787,9208,1000,Blunder
247,2026.03.21,White,Slim25178,Win,180+2,KatsMeow23 won by checkmate,19,Opening,g2g3,548,166,382,382,Blunder
249,2026.03.21,Black,FISTO_FUSTO,Win,180+2,KatsMeow23 won by checkmate,24,Middlegame,c7c4,218,-248,466,466,Blunder
249,2026.03.21,Black,FISTO_FUSTO,Win,180+2,KatsMeow23 won by checkmate,48,Endgame,f4g4,477,-261,738,738,Blunder
249,2026.03.21,Black,FISTO_FUSTO,Win,180+2,KatsMeow23 won by checkmate,52,Endgame,e4f3,552,231,321,321,Blunder
250,2026.03.21,Black,Rediterranean,Loss,180+2,Rediterranean won by resignation,12,Opening,b7b5,77,-484,561,561,Blunder
250,2026.03.21,Black,Rediterranean,Loss,180+2,Rediterranean won by resignation,76,Endgame,c5d5,153,-768,921,921,Blunder
251,2026.03.22,White,Cartikeyeaah,Loss,180+2,Cartikeyeaah won on time,25,Middlegame,a4d1,36,-298,334,334,Blunder
251,2026.03.22,White,Cartikeyeaah,Loss,180+2,Cartikeyeaah won on time,47,Endgame,g3f4,-438,-740,302,302,Blunder
254,2026.03.22,Black,birdiepirat316,Loss,180+2,birdiepirat316 won on time,88,Endgame,b6c6,9995,687,9308,1000,Blunder
256,2026.03.22,Black,Kassoca,Loss,180+2,Kassoca won on time,12,Opening,c5f2,-13,-349,336,336,Blunder
256,2026.03.22,Black,Kassoca,Loss,180+2,Kassoca won on time,54,Middlegame,h8e8,520,146,374,374,Blunder
256,2026.03.22,Black,Kassoca,Loss,180+2,Kassoca won on time,62,Middlegame,g5g6,373,-1,374,374,Blunder
256,2026.03.22,Black,Kassoca,Loss,180+2,Kassoca won on time,68,Endgame,g4g3,264,-343,607,607,Blunder
257,2026.03.23,White,Veonic,Win,180+2,KatsMeow23 won by checkmate,31,Middlegame,h4g5,510,210,300,300,Blunder
257,2026.03.23,White,Veonic,Win,180+2,KatsMeow23 won by checkmate,115,Endgame,g5g6,9997,703,9294,1000,Blunder
257,2026.03.23,White,Veonic,Win,180+2,KatsMeow23 won by checkmate,127,Endgame,e6d5,9994,1140,8854,1000,Blunder
258,2026.03.23,Black,N00bBpr,Win,180+2,KatsMeow23 won by resignation,14,Opening,g8f6,689,360,329,329,Blunder
259,2026.03.16,White,LGMets,Loss,1/86400,LGMets won by resignation,27,Middlegame,e3f2,77,-226,303,303,Blunder
259,2026.03.16,White,LGMets,Loss,1/86400,LGMets won by resignation,59,Endgame,g7g4,-136,-613,477,477,Blunder
259,2026.03.16,White,LGMets,Loss,1/86400,LGMets won by resignation,71,Endgame,f3c3,-540,-894,354,354,Blunder
260,2026.03.23,White,Player58750,Win,180+2,KatsMeow23 won by checkmate,23,Middlegame,b3f7,219,-311,530,530,Blunder
262,2026.03.24,Black,mauriciomarinelli,Loss,180+2,mauriciomarinelli won on time,28,Middlegame,h8f8,-168,-9998,9830,1000,Blunder
262,2026.03.24,Black,mauriciomarinelli,Loss,180+2,mauriciomarinelli won on time,48,Endgame,f7f8,133,-283,416,416,Blunder
262,2026.03.24,Black,mauriciomarinelli,Loss,180+2,mauriciomarinelli won on time,58,Endgame,c6d4,-64,-513,449,449,Blunder
263,2026.03.24,Black,aterenteff,Loss,180+2,aterenteff won on time,44,Endgame,b7f3,199,-179,378,378,Blunder
266,2026.03.24,White,JustVaibs,Loss,180+2,JustVaibs won by resignation,23,Middlegame,f3g3,64,-330,394,394,Blunder
268,2026.03.24,Black,abidadikaj,Loss,180+2,abidadikaj won on time,36,Middlegame,b4a5,59,-414,473,473,Blunder
272,2026.03.24,Black,dynamicmachiiine,Win,180+2,KatsMeow23 won - game abandoned,78,Endgame,e5e4,482,26,456,456,Blunder
272,2026.03.24,Black,dynamicmachiiine,Win,180+2,KatsMeow23 won - game abandoned,86,Endgame,b4d4,586,210,376,376,Blunder
273,2026.03.24,Black,StevenV91,Loss,180+2,StevenV91 won on time,44,Endgame,d8d7,-37,-522,485,485,Blunder
277,2026.03.25,Black,Dankorudas,Win,180+2,KatsMeow23 won - game abandoned,26,Middlegame,b7g2,257,-185,442,442,Blunder
277,2026.03.25,Black,Dankorudas,Win,180+2,KatsMeow23 won - game abandoned,44,Endgame,e1e2,205,-262,467,467,Blunder
277,2026.03.25,Black,Dankorudas,Win,180+2,KatsMeow23 won - game abandoned,46,Endgame,e2f2,9995,865,9130,1000,Blunder
278,2026.03.25,Black,goodboyab,Draw,180+2,Game drawn by stalemate,16,Opening,d7d5,241,-78,319,319,Blunder
278,2026.03.25,Black,goodboyab,Draw,180+2,Game drawn by stalemate,26,Middlegame,d4e3,-215,-584,369,369,Blunder
278,2026.03.25,Black,goodboyab,Draw,180+2,Game drawn by stalemate,36,Middlegame,d8d3,-213,-527,314,314,Blunder
278,2026.03.25,Black,goodboyab,Draw,180+2,Game drawn by stalemate,98,Endgame,f8e8,-1169,-9995,8826,1000,Blunder
278,2026.03.25,Black,goodboyab,Draw,180+2,Game drawn by stalemate,104,Endgame,e6f7,-1047,-9996,8949,1000,Blunder
279,2026.03.25,White,denezisback,Draw,180+2,Game drawn by insufficient material,27,Middlegame,c3e4,10,-320,330,330,Blunder
279,2026.03.25,White,denezisback,Draw,180+2,Game drawn by insufficient material,43,Middlegame,f3g4,276,-74,350,350,Blunder
279,2026.03.25,White,denezisback,Draw,180+2,Game drawn by insufficient material,107,Middlegame,g5h6,9995,524,9471,1000,Blunder
279,2026.03.25,White,denezisback,Draw,180+2,Game drawn by insufficient material,137,Endgame,b7b5,336,2,334,334,Blunder
280,2026.03.25,White,4resz,Loss,180+2,4resz won on time,45,Endgame,f1f8,310,-94,404,404,Blunder
280,2026.03.25,White,4resz,Loss,180+2,4resz won on time,51,Endgame,d3e2,-57,-401,344,344,Blunder
282,2026.03.25,White,nth49,Loss,180+2,nth49 won on time,21,Middlegame,f7b7,9997,484,9513,1000,Blunder
282,2026.03.25,White,nth49,Loss,180+2,nth49 won on time,41,Middlegame,e4g3,9996,717,9279,1000,Blunder
282,2026.03.25,White,nth49,Loss,180+2,nth49 won on time,45,Middlegame,f1d3,759,310,449,449,Blunder
282,2026.03.25,White,nth49,Loss,180+2,nth49 won on time,47,Middlegame,e1g1,651,345,306,306,Blunder
282,2026.03.25,White,nth49,Loss,180+2,nth49 won on time,51,Middlegame,g4h4,354,-577,931,931,Blunder
282,2026.03.25,White,nth49,Loss,180+2,nth49 won on time,55,Endgame,d3e4,175,-550,725,725,Blunder
282,2026.03.25,White,nth49,Loss,180+2,nth49 won on time,63,Endgame,f4e5,624,120,504,504,Blunder
282,2026.03.25,White,nth49,Loss,180+2,nth49 won on time,65,Endgame,e5e4,767,120,647,647,Blunder
282,2026.03.25,White,nth49,Loss,180+2,nth49 won on time,69,Endgame,f1e1,188,-322,510,510,Blunder
283,2026.03.25,White,SignoreF,Loss,180+2,SignoreF won on time,17,Opening,f3g4,123,-219,342,342,Blunder
283,2026.03.25,White,SignoreF,Loss,180+2,SignoreF won on time,69,Endgame,a6a7,313,-151,464,464,Blunder
285,2026.03.25,White,saadmfhoumch,Loss,600,saadmfhoumch won by resignation,17,Opening,e1g1,204,-240,444,444,Blunder
285,2026.03.25,White,saadmfhoumch,Loss,600,saadmfhoumch won by resignation,27,Middlegame,c3b5,325,-254,579,579,Blunder
285,2026.03.25,White,saadmfhoumch,Loss,600,saadmfhoumch won by resignation,43,Endgame,h4h7,-431,-762,331,331,Blunder
286,2026.03.26,Black,Castlecrater,Win,180+2,KatsMeow23 won on time,16,Opening,c6a7,197,-111,308,308,Blunder
286,2026.03.26,Black,Castlecrater,Win,180+2,KatsMeow23 won on time,66,Endgame,g4g3,9994,871,9123,1000,Blunder
286,2026.03.26,Black,Castlecrater,Win,180+2,KatsMeow23 won on time,68,Endgame,g3g2,9998,1090,8908,1000,Blunder
286,2026.03.26,Black,Castlecrater,Win,180+2,KatsMeow23 won on time,70,Endgame,h5h3,9998,898,9100,1000,Blunder
287,2026.03.26,Black,Aaankit016,Loss,180+2,Aaankit016 won on time,40,Middlegame,c5a7,469,-24,493,493,Blunder
288,2026.03.26,Black,Garipov01,Loss,180+2,Garipov01 won by checkmate,10,Opening,f7f6,462,-90,552,552,Blunder
288,2026.03.26,Black,Garipov01,Loss,180+2,Garipov01 won by checkmate,34,Middlegame,c7f4,366,-457,823,823,Blunder
288,2026.03.26,Black,Garipov01,Loss,180+2,Garipov01 won by checkmate,80,Endgame,c4e3,135,-9998,10133,1000,Blunder
289,2026.03.26,White,Octavioae,Loss,180+2,Octavioae won on time,15,Opening,a2a3,245,-150,395,395,Blunder
289,2026.03.26,White,Octavioae,Loss,180+2,Octavioae won on time,61,Endgame,b4b5,-704,-1027,323,323,Blunder
289,2026.03.26,White,Octavioae,Loss,180+2,Octavioae won on time,65,Endgame,g2f3,-1051,-9997,8946,1000,Blunder
289,2026.03.26,White,Octavioae,Loss,180+2,Octavioae won on time,67,Endgame,f3g2,-1045,-9993,8948,1000,Blunder
289,2026.03.26,White,Octavioae,Loss,180+2,Octavioae won on time,69,Endgame,a3a4,-808,-1159,351,351,Blunder
290,2026.03.26,White,Bambinu19,Loss,180+2,Bambinu19 won on time,45,Middlegame,f4g5,482,-448,930,930,Blunder
291,2026.03.23,Black,yellofixx,Loss,1/86400,yellofixx won by checkmate,14,Opening,e8g8,37,-275,312,312,Blunder
291,2026.03.23,Black,yellofixx,Loss,1/86400,yellofixx won by checkmate,20,Opening,c6b4,230,-202,432,432,Blunder
291,2026.03.23,Black,yellofixx,Loss,1/86400,yellofixx won by checkmate,22,Middlegame,g7f6,433,0,433,433,Blunder
291,2026.03.23,Black,yellofixx,Loss,1/86400,yellofixx won by checkmate,24,Middlegame,d7d5,0,-301,301,301,Blunder
291,2026.03.23,Black,yellofixx,Loss,1/86400,yellofixx won by checkmate,28,Middlegame,b6c5,-478,-9999,9521,1000,Blunder
292,2026.03.16,White,martinez51490,Win,1/86400,KatsMeow23 won by checkmate,25,Middlegame,g4h4,498,-21,519,519,Blunder
292,2026.03.16,White,martinez51490,Win,1/86400,KatsMeow23 won by checkmate,55,Middlegame,b5d3,231,-70,301,301,Blunder
294,2026.03.27,White,SAAAASHA,Win,180+2,KatsMeow23 won by checkmate,29,Middlegame,f3g5,112,-199,311,311,Blunder
295,2026.03.27,White,Jasir0330,Loss,180+2,Jasir0330 won on time,31,Middlegame,e3d2,177,-287,464,464,Blunder
295,2026.03.27,White,Jasir0330,Loss,180+2,Jasir0330 won on time,63,Middlegame,c5c4,360,-518,878,878,Blunder
297,2026.03.27,Black,gajes69,Win,180+2,KatsMeow23 won by resignation,20,Opening,d5d4,21,-291,312,312,Blunder
298,2026.03.27,White,Suvo0055,Loss,180+2,Suvo0055 won on time,35,Middlegame,c1b1,25,-328,353,353,Blunder
299,2026.03.23,Black,Ftr-95,Loss,1/86400,Ftr-95 won by resignation,20,Opening,d6e7,6,-327,333,333,Blunder
299,2026.03.23,Black,Ftr-95,Loss,1/86400,Ftr-95 won by resignation,28,Middlegame,b7f3,-94,-558,464,464,Blunder
300,2026.03.27,White,DaltonIEBR,Win,180+2,KatsMeow23 won by resignation,29,Middlegame,d3g6,84,-318,402,402,Blunder
